{
  "mean_iou": 0.0648637937708514,
  "class0_iou": 0.17490200452531948,
  "class0_f1": 0.2977303704507388,
  "class0_precision": 0.17490200452531948,
  "class0_recall": 1.0,
  "class1_iou": 0.019405608342285777,
  "class1_f1": 0.03807239862814244,
  "class1_precision": 0.9985350131848814,
  "class1_recall": 0.01940616084867788,
  "class2_iou": 0.00028376844494892167,
  "class2_f1": 0.0005673758865248227,
  "class2_precision": 0.000864304235090752,
  "class2_recall": 0.0004222972972972973,
  "macro_f1": 0.11212338165513536,
  "weighted_f1": 0.08253814598524997,
  "accuracy": 0.18778483072916666,
  "confusion_matrix": "[[109765, 0, 0], [515463, 10224, 1156], [2352, 15, 1]]",
  "confusion_matrix_norm": "[[1.0, 0.0, 0.0], [0.9784, 0.0194, 0.0022], [0.9932, 0.0063, 0.0004]]",
  "experiment_name": "dice_cls2_10x_raw",
  "block": "b",
  "epochs_run": 15,
  "best_val_f1": 0.005253940355032682,
  "best_val_loss": 0.2677989900112152,
  "train_time_min": 1.62,
  "weights_path": "/Users/santi/DataspellProjects/Techo/experiments/exp_02_dice_cls2_10x_raw/best_model.weights.h5",
  "monitor": "val_class2_recall",
  "normalize_class_weights": false,
  "class2_weight_multiplier": 10.0,
  "use_dice": true,
  "use_focal": false
}