{
  "mean_iou": 0.2747933151375534,
  "class0_iou": 0.0,
  "class0_f1": 0.0,
  "class0_precision": 0.0,
  "class0_recall": 0.0,
  "class1_iou": 0.8243799454126602,
  "class1_f1": 0.9037371272201659,
  "class1_precision": 0.8244883329263788,
  "class1_recall": 0.9998405597113371,
  "class2_iou": 0.0,
  "class2_f1": 0.0,
  "class2_precision": 0.0,
  "class2_recall": 0.0,
  "macro_f1": 0.3012457090733886,
  "weighted_f1": 0.7451415691920413,
  "accuracy": 0.8243799454126602,
  "confusion_matrix": "[[0, 109765, 0], [0, 526759, 84], [0, 2368, 0]]",
  "confusion_matrix_norm": "[[0.0, 1.0, 0.0], [0.0, 0.9998, 0.0002], [0.0, 1.0, 0.0]]",
  "experiment_name": "baseline_combined",
  "block": "a",
  "epochs_run": 40,
  "best_val_f1": 0.36764079332351685,
  "best_val_loss": 1.0257337093353271,
  "train_time_min": 4.24,
  "weights_path": "/Users/santi/DataspellProjects/Techo/experiments/exp_01_baseline_combined/best_model.weights.h5"
}