{
  "mean_iou": 0.3321703282244861,
  "class0_iou": 0.35415801223272575,
  "class0_f1": 0.5230674840505395,
  "class0_precision": 0.3601200594802688,
  "class0_recall": 0.9553409556780394,
  "class1_iou": 0.6326607654990167,
  "class1_f1": 0.7750057805862032,
  "class1_precision": 0.9836645777728459,
  "class1_recall": 0.6393783347221088,
  "class2_iou": 0.009692206941715782,
  "class2_f1": 0.019198339603061356,
  "class2_precision": 0.013855083317730763,
  "class2_recall": 0.03125,
  "macro_f1": 0.43909053474660137,
  "weighted_f1": 0.7289261795691302,
  "accuracy": 0.6914015549879807,
  "confusion_matrix": "[[104863, 4902, 0], [184724, 336852, 5267], [1602, 692, 74]]",
  "confusion_matrix_norm": "[[0.9553, 0.0447, 0.0], [0.3506, 0.6394, 0.01], [0.6765, 0.2922, 0.0312]]",
  "experiment_name": "pure_dice",
  "block": "a",
  "epochs_run": 40,
  "best_val_f1": 0.4395662248134613,
  "best_val_loss": 0.9037989377975464,
  "train_time_min": 4.25,
  "weights_path": "/Users/santi/DataspellProjects/Techo/experiments/exp_02_pure_dice/best_model.weights.h5"
}