{
  "mean_iou": 0.34180491902481563,
  "class0_iou": 0.01403884435141905,
  "class0_f1": 0.02768896759649936,
  "class0_precision": 0.02347823165815641,
  "class0_recall": 0.03374013961437082,
  "class1_iou": 0.8850938583496156,
  "class1_f1": 0.9390448697599685,
  "class1_precision": 0.9834351201862799,
  "class1_recall": 0.898488917239217,
  "class2_iou": 0.12628205437341225,
  "class2_f1": 0.22424587852226255,
  "class2_precision": 0.13232183773810974,
  "class2_recall": 0.7345110126941286,
  "macro_f1": 0.3969932386262434,
  "weighted_f1": 0.9164202874710774,
  "accuracy": 0.8859496962094138,
  "confusion_matrix": "[[6989, 198299, 1854], [278912, 16130709, 1543532], [11779, 73405, 235673]]",
  "confusion_matrix_norm": "[[0.0337, 0.9573, 0.009], [0.0155, 0.8985, 0.086], [0.0367, 0.2288, 0.7345]]",
  "experiment_name": "large_pure_dice",
  "block": "d",
  "epochs_run": 13,
  "best_val_f1": 0.6741453409194946,
  "best_val_loss": 0.9346433877944946,
  "train_time_min": 54.2,
  "weights_path": "/Users/santi/DataspellProjects/Techo/experiments/exp_01_large_pure_dice/best_model.weights.h5",
  "monitor": "val_class2_recall",
  "normalize_class_weights": true,
  "class2_weight_multiplier": 1.0,
  "use_dice": true,
  "use_focal": false,
  "den_prefix": "DEN",
  "den_bands": 1,
  "use_large_grid": true,
  "class2_oversample_factor": 1
}