epoch,accuracy,class2_precision,class2_recall,f1,learning_rate,loss,val_accuracy,val_class2_precision,val_class2_recall,val_f1,val_loss
0,0.6331183314323425,0.10386811941862106,0.8160087466239929,0.26163721084594727,9.999999747378752e-05,0.9333194494247437,0.889909029006958,0.143589049577713,0.6741453409194946,0.32224950194358826,0.948614776134491
1,0.6851794719696045,0.12004175037145615,0.8301635384559631,0.32429102063179016,9.999999747378752e-05,0.9035623669624329,0.9519211649894714,0.09817275404930115,0.05649298056960106,0.33484628796577454,0.9593696594238281
2,0.7511913180351257,0.13993878662586212,0.796671450138092,0.3567981719970703,9.999999747378752e-05,0.8862639665603638,0.9556155204772949,0.10193639993667603,0.034505754709243774,0.34461337327957153,0.953869104385376
3,0.8170062899589539,0.16379810869693756,0.7418277859687805,0.3902827501296997,9.999999747378752e-05,0.8620895743370056,0.9676416516304016,0.0,0.0,0.34198278188705444,0.9649825692176819
