{
  "mean_iou": 0.2748371352497329,
  "class0_iou": 0.0,
  "class0_f1": 0.0,
  "class0_precision": 0.0,
  "class0_recall": 0.0,
  "class1_iou": 0.8245114057491987,
  "class1_f1": 0.9038161155376606,
  "class1_precision": 0.8245114057491987,
  "class1_recall": 1.0,
  "class2_iou": 0.0,
  "class2_f1": 0.0,
  "class2_precision": 0.0,
  "class2_recall": 0.0,
  "macro_f1": 0.3012720385125535,
  "weighted_f1": 0.7452066959607367,
  "accuracy": 0.8245114057491987,
  "confusion_matrix": "[[0, 109765, 0], [0, 526843, 0], [0, 2368, 0]]",
  "confusion_matrix_norm": "[[0.0, 1.0, 0.0], [0.0, 1.0, 0.0], [0.0, 1.0, 0.0]]",
  "experiment_name": "baseline_combined_den3",
  "block": "c",
  "epochs_run": 40,
  "best_val_f1": 0.305894672870636,
  "best_val_loss": 1.0681462287902832,
  "train_time_min": 4.51,
  "weights_path": "/Users/santi/DataspellProjects/Techo/experiments/exp_01_baseline_combined_den3/best_model.weights.h5",
  "monitor": "val_f1",
  "normalize_class_weights": true,
  "class2_weight_multiplier": 1.0,
  "use_dice": true,
  "use_focal": true,
  "den_prefix": "DEN3",
  "den_bands": 3
}