{
  "mean_iou": 0.20186241314846645,
  "class0_iou": 0.2697237555476328,
  "class0_f1": 0.4248542320629431,
  "class0_precision": 0.26976819677452674,
  "class0_recall": 0.9993896050653669,
  "class1_iou": 0.3341453003614012,
  "class1_f1": 0.5009129069688076,
  "class1_precision": 0.9984580935914514,
  "class1_recall": 0.3343178138458706,
  "class2_iou": 0.0017181835363653546,
  "class2_f1": 0.0034304728906879812,
  "class2_precision": 0.001787853324513257,
  "class2_recall": 0.04222972972972973,
  "macro_f1": 0.30973253730747957,
  "weighted_f1": 0.4860037102932843,
  "accuracy": 0.447483160556891,
  "confusion_matrix": "[[109698, 67, 0], [294877, 176133, 55833], [2063, 205, 100]]",
  "confusion_matrix_norm": "[[0.9994, 0.0006, 0.0], [0.5597, 0.3343, 0.106], [0.8712, 0.0866, 0.0422]]",
  "experiment_name": "dice_recall_monitor",
  "block": "b",
  "epochs_run": 33,
  "best_val_f1": 0.049912434071302414,
  "best_val_loss": 0.910214900970459,
  "train_time_min": 3.35,
  "weights_path": "/Users/santi/DataspellProjects/Techo/experiments/exp_01_dice_recall_monitor/best_model.weights.h5",
  "monitor": "val_class2_recall",
  "normalize_class_weights": true,
  "class2_weight_multiplier": 1.0,
  "use_dice": true,
  "use_focal": false
}