{
  "mean_iou": 0.26736920148405763,
  "class0_iou": 0.06970496376482004,
  "class0_f1": 0.13032558719648052,
  "class0_precision": 0.1725204130643612,
  "class0_recall": 0.10471461759212863,
  "class1_iou": 0.7300070521861777,
  "class1_f1": 0.8439353484295702,
  "class1_precision": 0.8243086963367557,
  "class1_recall": 0.8645194109060954,
  "class2_iou": 0.0023955885011751944,
  "class2_f1": 0.004779726743923885,
  "class2_precision": 0.002675551516987228,
  "class2_recall": 0.022381756756756757,
  "macro_f1": 0.32634688745665824,
  "weighted_f1": 0.7182397104808809,
  "accuracy": 0.7308772160456731,
  "confusion_matrix": "[[11494, 95019, 3252], [54873, 455466, 16504], [257, 2058, 53]]",
  "confusion_matrix_norm": "[[0.1047, 0.8657, 0.0296], [0.1042, 0.8645, 0.0313], [0.1085, 0.8691, 0.0224]]",
  "experiment_name": "pure_dice_den3",
  "block": "c",
  "epochs_run": 13,
  "best_val_f1": 0.2346659004688263,
  "best_val_loss": 0.956964910030365,
  "train_time_min": 1.42,
  "weights_path": "/Users/santi/DataspellProjects/Techo/experiments/exp_02_pure_dice_den3/best_model.weights.h5",
  "monitor": "val_f1",
  "normalize_class_weights": true,
  "class2_weight_multiplier": 1.0,
  "use_dice": true,
  "use_focal": false,
  "den_prefix": "DEN3",
  "den_bands": 3
}