{
  "mean_iou": 0.27482670188969016,
  "class0_iou": 0.0,
  "class0_f1": 0.0,
  "class0_precision": 0.0,
  "class0_recall": 0.0,
  "class1_iou": 0.8244801056690705,
  "class1_f1": 0.903797309827852,
  "class1_precision": 0.8245059127702064,
  "class1_recall": 0.9999620380265088,
  "class2_iou": 0.0,
  "class2_f1": 0.0,
  "class2_precision": 0.0,
  "class2_recall": 0.0,
  "macro_f1": 0.30126576994261733,
  "weighted_f1": 0.7451911904385063,
  "accuracy": 0.8244801056690705,
  "confusion_matrix": "[[0, 109765, 0], [20, 526823, 0], [0, 2368, 0]]",
  "confusion_matrix_norm": "[[0.0, 1.0, 0.0], [0.0, 1.0, 0.0], [0.0, 1.0, 0.0]]",
  "experiment_name": "pure_focal",
  "block": "a",
  "epochs_run": 40,
  "best_val_f1": 0.3433853089809418,
  "best_val_loss": 0.02997286431491375,
  "train_time_min": 4.3,
  "weights_path": "/Users/santi/DataspellProjects/Techo/experiments/exp_03_pure_focal/best_model.weights.h5"
}