{
  "mean_iou": 0.09561323678558165,
  "class0_iou": 0.21925364543361472,
  "class0_f1": 0.35965222864786184,
  "class0_precision": 0.21928037881952703,
  "class0_recall": 0.9994442672983191,
  "class1_iou": 0.06632915427719153,
  "class1_f1": 0.12440652871795967,
  "class1_precision": 0.9957271044010825,
  "class1_recall": 0.06634803916916425,
  "class2_iou": 0.0012569106459386665,
  "class2_f1": 0.002510665609544305,
  "class2_precision": 0.0012840316663448542,
  "class2_recall": 0.05616554054054054,
  "macro_f1": 0.16218980765845528,
  "weighted_f1": 0.16436592445264295,
  "accuracy": 0.22660006009615385,
  "confusion_matrix": "[[109704, 58, 3], [388444, 34955, 103444], [2143, 92, 133]]",
  "confusion_matrix_norm": "[[0.9994, 0.0005, 0.0], [0.7373, 0.0663, 0.1963], [0.905, 0.0389, 0.0562]]",
  "experiment_name": "dice_cls2_50x_raw",
  "block": "b",
  "epochs_run": 13,
  "best_val_f1": 0.04932866245508194,
  "best_val_loss": -1.971740961074829,
  "train_time_min": 1.37,
  "weights_path": "/Users/santi/DataspellProjects/Techo/experiments/exp_03_dice_cls2_50x_raw/best_model.weights.h5",
  "monitor": "val_class2_recall",
  "normalize_class_weights": false,
  "class2_weight_multiplier": 50.0,
  "use_dice": true,
  "use_focal": false
}